Workbook
Name Slicer_Region: #N/A

Sheet Sheet4
A1: Region | B1: South
A3: Row Labels | B3: Sum of Revenue
A4: Headphones | B4: 8000
A5: Keyboard | B5: 7200
A6: Laptop | B6: 135000
A7: Monitor | B7: 12000
A8: Printer | B8: 8500
A9: Grand Total | B9: 170700

Sheet Raw_Data
A1: Order_ID | B1: Order_Date | C1: Product | D1: Category | E1: Region | F1: Quantity | G1: Unit_price | H1: Revenue
A2: 1001 | B2: 46023 | C2: Laptop | D2: Electronics | E2: South | F2: 2 | G2: 45000 | H2: =F2*G2 -> 90000
A3: 1002 | B3: 46024 | C3: Mouse | D3: Accessories | E3: North | F3: 5 | G3: 500 | H3: =F3*G3 -> 2500
A4: 1003 | B4: 46025 | C4: Keyboard | D4: Accessories | E4: West | F4: 3 | G4: 1200 | H4: =F4*G4 -> 3600
A5: 1004 | B5: 46027 | C5: Monitor | D5: Electronics | E5: East | F5: 2 | G5: 12000 | H5: =F5*G5 -> 24000
A6: 1005 | B6: 46030 | C6: Laptop | D6: Electronics | E6: North | F6: 1 | G6: 45000 | H6: =F6*G6 -> 45000
A7: 1006 | B7: 46032 | C7: Headphones | D7: Accessories | E7: South | F7: 4 | G7: 2000 | H7: =F7*G7 -> 8000
A8: 1007 | B8: 46034 | C8: Printer | D8: Electronics | E8: West | F8: 2 | G8: 8500 | H8: =F8*G8 -> 17000
A9: 1008 | B9: 46037 | C9: Mouse | D9: Accessories | E9: East | F9: 10 | G9: 500 | H9: =F9*G9 -> 5000
A10: 1009 | B10: 46040 | C10: Keyboard | D10: Accessories | E10: South | F10: 6 | G10: 1200 | H10: =F10*G10 -> 7200
A11: 1010 | B11: 46042 | C11: Monitor | D11: Electronics | E11: North | F11: 3 | G11: 12000 | H11: =F11*G11 -> 36000
A12: 1011 | B12: 46055 | C12: Laptop | D12: Electronics | E12: East | F12: 2 | G12: 45000 | H12: =F12*G12 -> 90000
A13: 1012 | B13: 46057 | C13: Mouse | D13: Accessories | E13: West | F13: 8 | G13: 500 | H13: =F13*G13 -> 4000
... A26: 1025 | B26: 46102 | C26: Printer | D26: Electronics | E26: North | F26: 2 | G26: 8500 | H26: =F26*G26 -> 17000

Sheet Sales_Analysis
A1: Sales Performance Analysis
A2: Metric | B2: values | D2: Product | E2: Total Quantity | F2: Total Revenue | H2: Region | I2: Total Revenue
A3: Total Sales | B3: =SUM(Raw_Data!H2:H26) -> 594500 | D3: Laptop | E3: =SUMIF(Raw_Data!C:C,D3,Raw_Data!F:F) -> 8 | F3: =SUMIF(Raw_Data!C:C,D3,Raw_Data!H:H) -> 360000 | H3: North | I3: =SUMIF(Raw_Data!E:E,H3,Raw_Data!H:H) -> 121900
A4: Total Order | B4: =COUNTA(Raw_Data!A2:A26) -> 25 | D4: Mouse | E4: =SUMIF(Raw_Data!C:C,D4,Raw_Data!F:F) -> 41 | F4: =SUMIF(Raw_Data!C:C,D4,Raw_Data!H:H) -> 20500 | H4: South | I4: =SUMIF(Raw_Data!E:E,H4,Raw_Data!H:H) -> 170700
A5: Total Quantity | B5: =SUM(Raw_Data!F2:F26) -> 98 | D5: Keyboard | E5: =SUMIF(Raw_Data!C:C,D5,Raw_Data!F:F) -> 20 | F5: =SUMIF(Raw_Data!C:C,D5,Raw_Data!H:H) -> 24000 | H5: East | I5: =SUMIF(Raw_Data!E:E,H5,Raw_Data!H:H) -> 155300
D6: Monitor | E6: =SUMIF(Raw_Data!C:C,D6,Raw_Data!F:F) -> 8 | F6: =SUMIF(Raw_Data!C:C,D6,Raw_Data!H:H) -> 96000 | H6: West | I6: =SUMIF(Raw_Data!E:E,H6,Raw_Data!H:H) -> 146600
D7: Headphones | E7: =SUMIF(Raw_Data!C:C,D7,Raw_Data!F:F) -> 13 | F7: =SUMIF(Raw_Data!C:C,D7,Raw_Data!H:H) -> 26000
D8: printer | E8: =SUMIF(Raw_Data!C:C,D8,Raw_Data!F:F) -> 8 | F8: =SUMIF(Raw_Data!C:C,D8,Raw_Data!H:H) -> 68000

Sheet Dashboard
A1: SALES PERFORMANCE DASHBOARD
A3: Total Sales | B3: =Sales_Analysis!B3 -> 594500 | C3: Total Order | D3: =Sales_Analysis!B4 -> 25 | E3: Total Quantity | F3: =Sales_Analysis!B5 -> 98
